log_id,device_id,device_name,room_name,energy_kwh,usage_duration_minutes,timestamp
1,1,Air Conditioner,Living Room,5.6,240,2026-05-01 08:00:00
2,2,Ceiling Fan,Bedroom,0.85,360,2026-05-03 09:00:00
3,3,Refrigerator,Kitchen,2.3,1440,2026-05-08 10:00:00
4,4,Smart TV,Living Room,1.2,180,2026-05-12 19:00:00
5,5,Speaker System,Home Theater,1.95,210,2026-05-12 20:00:00
6,6,Water Heater,Bathroom,7.5,300,2026-05-18 06:00:00
7,7,Dining Light,Dining Hall,0.35,480,2026-05-22 18:00:00
8,8,Washing Machine,Guest Room,4.8,95,2026-05-25 17:00:00
9,9,Desktop Computer,Study Room,2.1,300,2026-05-29 22:00:00
